,trades,trades_per_year,win_rate,avg_win_bps,avg_loss_bps,expectancy_bps,median_bps,t_stat,profit_factor,sharpe,max_dd,cagr,avg_R,stop_rate,eod_rate,participation
C1_ORB5_imm,2912.0,242.7774480712166,0.1617445054945055,85.49747948838777,-16.939816776345946,-0.37114694781243296,-12.271779001177595,-0.39262782182905837,0.9738626967891844,-0.3745912866673968,-0.8643410747017024,-0.11631862440067653,-0.1778083299299045,0.832760989010989,0.16723901098901098,0.9706666666666667
C1_ORB5_imm_10R,2912.0,242.7774480712166,0.16792582417582416,82.38298759838781,-16.99939169762516,-0.3105237457878174,-12.254909566826742,-0.33586776096339216,0.9780467212488823,-0.369578272682322,-0.8506290113793714,-0.11139026646633143,-0.1616301700757148,0.8265796703296703,0.13564560439560439,0.9706666666666667
C2_ORB5_bo,2997.0,249.86401506505365,0.21688355021688355,78.76672016794328,-23.4037351890064,-1.244644103915547,-17.151379567484064,-1.2129745023765741,0.932090010391784,-0.5959522734574847,-0.9295236203288731,-0.17543075859206303,-0.09451944617372678,0.7704371037704371,0.22956289622956288,0.999
C2_ORB15_bo,2987.0,249.03030130107283,0.32038834951456313,69.24071819101492,-35.54984456845403,-1.9761691212455321,-22.12705210563696,-1.6203100977590186,0.9182052202400945,-0.7182897728560833,-0.9376927878408887,-0.18016904056480487,-0.07917322548767365,0.6364245061935052,0.3635754938064948,0.9956666666666667
C2_ORB30_bo,2941.0,245.195217986761,0.3869432165929956,62.98996936249608,-43.140185341823795,-2.0738419030220183,-22.861268198772436,-1.5872550038598536,0.9215861212983856,-0.8056579427821783,-0.8977105252432567,-0.1642561999858131,-0.06315091248935942,0.5137708262495749,0.486229173750425,0.9803333333333333
C4_vwap_a50_b100,807.0,67.49639340508358,0.48079306071871125,37.59665094172664,-38.12252497022359,-1.7172706284185222,-1.9211758645122132,-0.9746050933274938,0.9132405887620252,-1.2699789765098746,-0.42747927527813023,-0.04202717352467156,-0.07381852632972773,0.2552664188351921,0.42627013630731103,0.269
C5_imom_r1,2974.0,247.94647340789774,0.5010087424344317,22.279151600565278,-20.306747347967793,1.0291603296765524,1.5334326967481428e-12,1.500241002251503,1.1015663242174127,0.4367076694391964,-0.17066016203942636,0.024073349111468634,,0.0,1.0,0.9913333333333333
C5_imom_rod,2977.0,248.196587537092,0.5082297615048706,22.69303278138197,-19.789119968462916,1.8015743918042357,0.4839099927422853,2.632311265313128,1.1851243201260973,0.7658577217117236,-0.19400454949514478,0.043920632200237675,,0.0,1.0,0.9923333333333333
C5_imom_both,2152.0,179.45616438356166,0.5227695167286245,22.694035422907064,-19.441285622861095,2.5857757974405686,0.8717097059516378,3.2120802395043198,1.2787004749435087,1.0991716603151416,-0.14121324585891382,0.04618631885335134,,0.0,1.0,0.7173333333333334
C6_gapfade,1146.0,95.8279532967033,0.512216404886562,63.13401393829669,-60.144530287664246,3.000762435406502,3.7565065340737096,1.2427750861665026,1.1022841373549854,0.35448219123729124,-0.1393147293711643,0.015466163693330204,0.019264601871732883,0.32897033158813266,0.2661431064572426,0.382
