year,predictor,entry_time,min_move_frac,rv20_min,lookback_t,oos_trades,oos_exp_bps,oos_win
2008,both,930,0.1,0.15,2.426970619465498,116,32.39123738552012,0.6810344827586207
2009,both,930,0.1,0.15,4.314639027145613,120,-3.1310156564233096,0.49166666666666664
2010,both,930,0.1,0.0,3.6851098945300818,139,0.6647924436144002,0.49640287769784175
2011,both,930,0.1,0.15,3.6921923152304275,88,5.446681013664665,0.5568181818181818
2012,both,930,0.25,0.0,3.952561342378411,93,1.5139713638513337,0.5698924731182796
2013,both,930,0.25,0.0,4.008351671184592,94,3.4579668302685693,0.5851063829787234
2014,both,930,0.25,0.0,4.248421239312901,96,0.037776886658067145,0.4375
2015,both,930,0.25,0.0,4.210018341045743,110,1.6548263462849857,0.4818181818181818
2016,both,930,0.25,0.0,4.236483452135884,85,-3.6892427587466856,0.43529411764705883
2017,both,930,0.25,0.0,3.932884125502426,95,-1.1249980084175444,0.4631578947368421
2018,both,930,0.25,0.0,3.8290908049571026,99,1.3782134046716341,0.5151515151515151
2019,both,930,0.25,0.0,3.7799282871518964,109,-0.11668404005764928,0.5321100917431193
2020,both,930,0.25,0.1,3.7843781803186927,102,1.3829224130910653,0.45098039215686275
