date,trades,exp_bps,sum_bps,win_rate
2003,247,1.1910286801817669,294.1840840048964,0.5263157894736842
2004,250,-0.04749773636205504,-11.874434090513759,0.496
2005,248,0.8509224537160316,211.02876852157584,0.5120967741935484
2006,246,-1.8865758924476443,-464.0976695421205,0.44715447154471544
2007,245,3.410758504121234,835.6358335097024,0.5061224489795918
2008,249,19.448242325979884,4842.612339168991,0.6224899598393574
2009,248,-4.3609489511736275,-1081.5153398910595,0.4838709677419355
2010,251,-0.5781732088215094,-145.12147541419884,0.4820717131474104
2011,251,0.9322905936661025,234.00493901019172,0.5059760956175299
2012,247,-1.1965309008217488,-295.54313250297196,0.4979757085020243
2013,248,2.696688993702603,668.7788704382455,0.5443548387096774
2014,247,1.1141464825444278,275.1941811884737,0.47368421052631576
